{
    "hitFx": {
        "width":6,
        "height":5,
        "image":"hitFx.png",
        "color":{
            "perfect":"#fce491",
            "good":"#9ed5f3"
        }
    },
    "holdAtlas": [
        50,
        50
    ],
    "holdAtlasMH": [
        84,
        84
    ],
    "note": {
        "tap": [
            "tap.png",
            "tap_mh.png"
        ],
        "drag": [
            "drag.png",
            "drag_mh.png"
        ],
        "hold": [
            "hold.png",
            "hold_mh.png"
        ],
        "flick": [
            "flick.png",
            "flick_mh.png"
        ]
    },
    "judgeLine": {
        "ap": "#feffa9",
        "fc": "#a2eeff",
        "image":"judgeLine.png"
    },
    "sound":{
        "tap": "tap.ogg",
        "drag": "drag.ogg",
        "hold": "hold.ogg",
        "flick": "flick.ogg"
    }

}